Index,Hogwarts House,First Name,Last Name,Birthday,Best Hand,Arithmancy,Astronomy,Herbology,Defense Against the Dark Arts,Divination,Muggle Studies,Ancient Runes,History of Magic,Transfiguration,Potions,Care of Magical Creatures,Charms,Flying
640,,Wilburn,Upchurch,2000-08-13,Left,71166.0,468.662131151173,2.6216392728162488,-4.686621311511731,7.557,-770.7917160225151,361.7148151149077,4.612022240333223,1085.9680783416393,3.855088814665856,0.8479681528383971,-245.44295,-89.98
641,,Kenya,Cole,1998-09-22,Right,42421.0,-626.4249286133954,-5.458226015964353,6.264249286133954,-5.125,-541.9516975699547,377.86845147094056,5.845721699102322,1056.2765059853011,9.91535839191785,1.6166823442841154,-248.8895,-89.67
642,,Kylie,Duval,1996-12-25,Left,24911.0,-556.7778640709257,-5.6288093088624525,5.567778640709257,-6.771,-571.6907843979664,386.0862370009991,4.607957880376283,1082.313193867432,13.35871982867391,0.2511220883554159,-249.80257000000003,-55.75
643,,Jerry,Gunn,1999-11-29,Left,49925.0,-546.9660940919433,8.46534045279428,5.469660940919434,4.314,238.35461080304785,559.0539082301991,5.129960929414732,1034.5554805869042,4.471265917531918,-0.4210273365901753,-230.29871,21.18
644,,Alison,Battaglia,1999-06-22,Left,71906.0,,0.9754097870201824,-2.7010380121697986,8.263,-790.1616736068805,452.9641247185565,5.981336374519793,1079.92738306355,7.716706319302482,0.0114875402250576,-242.69098,-78.73
645,,Carmella,Ennis,2000-05-01,Right,49428.0,-434.1532577188056,-5.446190500612492,4.341532577188056,-3.588,-560.415171181306,416.6197079107144,4.613739351852956,1061.0252030995698,10.39358789138034,1.2438116655213722,-249.52287,-69.05
646,,Rodney,Bradford,2001-03-17,Left,46328.0,720.2056186494337,4.424230689678133,-7.202056186494337,3.37,-607.4074709946888,411.1788456930316,1.11806423390283,1061.664535251106,5.699577606423532,0.2774149807870217,-248.83615,54.11
647,,Tena,Holden,1999-03-18,Right,55393.0,370.04872768558266,4.25731445258506,-3.700487276855825,5.797999999999999,-547.3557302895891,446.6533996565047,4.459890313943668,1050.2927856896554,5.684788454827096,1.2471362115457534,-243.04501,1.77
648,,Darren,Gilbert,1999-12-03,Right,73111.0,206.2341293390876,6.199773691417855,-2.062341293390876,2.507,-576.0468157206502,454.5897160029713,3.8297122110568806,1051.2051616743329,5.195964324403472,0.4089873057330345,-244.22012,9.86
649,,Olin,Sewell,1998-01-17,Right,49594.0,-435.81309910426734,-4.125073593497643,4.358130991042674,-5.436,-600.829589536904,403.05219528287097,4.484836799474904,1056.3065328910088,10.169190296201776,1.1710086669387685,-250.5597,-51.72
650,,Liz,Treadway,1997-12-18,Right,31416.0,-600.6628289089797,-4.228617664564094,6.0066282890897975,-5.06,-612.0283668804631,382.46162639904816,5.524150362404399,1061.816175335879,,-0.9715763749001982,-247.79735,-60.47
651,,Lynwood,Labelle,2001-11-03,Right,42842.0,-536.5456380694878,-6.438031629241617,5.365456380694878,-6.269,-526.6593151792426,372.5610022681232,,1067.9309256260754,11.249734863875306,1.3933748555818155,-251.10348,-94.97
652,,Cristy,Pardo,1999-09-01,Right,74932.0,488.90537458725953,4.797673467781672,-4.889053745872594,9.209,-982.6816811140905,422.4493898931785,0.2231426285568254,1090.4901430088175,2.5805842454088026,-0.6157751807591183,-244.32114,-7.34
653,,Benita,Mcclain,1998-07-14,Left,47009.0,-487.6472406430954,-3.945846798075228,4.8764724064309535,-2.857,-374.9901802820738,460.5686289828995,4.436194144266293,1027.93109640144,8.743239973386332,0.3118573394470531,-247.02865,-25.72
654,,Brianna,Shaw,2001-05-20,Right,10162.0,-573.2050160678667,3.5012559207605345,5.732050160678668,,461.932686303456,558.7690436097363,3.2935932280320634,1063.8225551635385,8.394131648071294,-1.3518647858661288,-230.90832000000003,30.52
655,,Ella,Schreiber,1998-09-09,Left,43624.0,496.9096577792111,5.302900670696131,-4.969096577792112,3.43,-335.74334714857895,399.5805919112912,5.395146226609231,1034.8239297797263,4.959802599235509,-0.3663547194783377,-244.72465,9.73
656,,Garland,Inman,2001-04-09,Right,60930.0,-697.2616601399992,6.177718869726896,6.972616601399992,3.679,273.7552568697461,587.2787004147419,5.917612213421919,1043.2236205523925,6.343872979157991,0.982656445926748,-230.6652,-14.57
657,,Yesenia,Burchfield,1997-09-30,Left,45611.0,347.8291683172313,-6.580078768169696,-3.478291683172313,4.513999999999999,-634.7000530457957,549.628687921821,-4.8647785605493885,943.2112202474734,1.2678207620657451,0.909103303054964,-253.85141,166.56
658,,Kurtis,Mcnamara,2000-01-19,Left,64436.0,676.2098469825157,-4.985534386257685,-6.7620984698251565,4.4430000000000005,-304.08092064505763,636.7725729199635,-4.002241484219714,942.2067876592693,3.973112523359828,-0.9457900158815736,-254.40467,184.77
659,,Charlie,Dugan,2001-08-15,Right,17747.0,532.6000365074971,7.4692085632446625,-5.326000365074969,3.201,-222.22586481586853,373.8662765419592,5.173792142418375,1018.6768338307982,3.772180299463664,0.4310667732179694,-242.85527,56.97
660,,Richelle,Graf,1998-08-09,Left,23236.0,-741.8085100269913,-3.2532510909291474,7.418085100269913,-4.647,-544.466580864913,356.48174410259315,3.2761778872718628,1076.073799715202,8.434829103573433,-0.4666070916042761,-245.9952,-54.76
661,,Brice,Vail,2000-05-06,Left,65642.0,559.8076464766841,5.393921152249536,-5.598076464766841,4.895,-487.09595532688905,385.18897966598473,4.6388062688321146,1053.4270708887127,,-0.3498050148478849,-245.80006,-28.21
662,,Eleanore,Hartley,1998-07-20,Right,19873.0,-627.331020621663,-5.954995668732468,6.27331020621663,-4.103,-526.5843186632976,385.75632072583846,6.746358330459517,1066.1141938488922,12.527760667514048,1.3597127809248633,-246.48559,-79.78
663,,Antoine,Murdock,2001-06-01,Left,62891.0,-363.88647468029967,7.874109797738187,3.6388647468029975,7.207000000000002,465.9940228667504,617.5158954365752,4.475015133319948,1058.6051702159095,5.637478668747183,0.7420828531971146,-229.10397000000003,1.18
664,,Claudette,Gann,2000-05-12,Left,64120.0,-647.4102422140397,6.290895032598237,6.474102422140398,4.955,,593.8482503762888,5.623257764291181,,5.312000952403691,-1.0365143591061297,-230.08106,-17.83
665,,Kirby,Riley,1998-11-08,Right,40972.0,491.7967362826101,7.3378057090708015,-4.917967362826102,4.013,-221.73444019498717,314.30122353349253,3.157241122536965,1033.1252943599147,-1.3723146549219716,1.4801642380843236,-244.57147,0.01
666,,Pierre,Higdon,1998-01-12,Left,46490.0,-610.0493304427763,-2.7735255710188844,6.100493304427763,-3.956,-580.780333869084,399.0583963784719,4.0074578599242185,1047.2733977926102,7.528542014779525,-1.5266077561794351,-247.29526,-45.79
667,,Leilani,Crisp,1997-09-21,Left,15925.0,805.5828429627393,5.3393145640437565,-8.055828429627391,6.095,-350.6845090004988,360.1666549283948,6.930188347140975,1035.5422981498727,5.953794294414449,1.3509781903314233,-243.65732000000003,14.97
668,,Michale,Langlois,2001-06-07,Left,69160.0,300.5496934715618,2.5385916322719044,-3.0054969347156177,6.721,-852.6869054470523,428.7513123939876,3.6613015818290418,1085.144537606985,6.228572385470357,,-244.24317,-44.97
669,,Lulu,Winn,2000-11-09,Left,51016.0,519.6336699237465,5.5710923216128005,-5.196336699237465,2.9130000000000003,-447.3160849717384,390.076785844714,3.303454286328364,1046.3670080512795,3.895100152578852,-0.278073777080386,-246.50257,18.86
670,,Vilma,Zhang,2000-06-27,Right,37931.0,535.1601892101503,-7.0815545700817575,-5.351601892101503,4.438,-130.31867889967864,563.0920991308752,-2.861766947127544,943.2612428637524,3.0506932882352022,-0.4660175989325756,-253.23259,143.98
671,,Keenan,Buckner,1997-07-01,Right,53787.0,723.7388468376141,-3.2732257343677027,-7.237388468376143,4.066,-832.3290437780313,641.5758991739306,-6.005476276179028,954.5156571418544,5.712510565530764,-0.4312090356992633,-255.12801,254.99
672,,Kellie,Fritz,1998-10-06,Right,53395.0,-343.0977978015072,-5.1487392895245945,3.4309779780150715,-6.393,-353.619315283786,450.7896991195372,2.8694360852473,1049.6197726058592,10.710599833681655,0.2773780375284912,-252.33416,-23.7
673,,Trevor,Durand,1999-05-07,Right,61337.0,-584.6479623812128,4.349408073146609,5.846479623812125,4.538,645.5853773354968,569.4155603033925,6.486624825351617,1051.9218862589594,5.782638162422018,-0.906531022485688,-231.08352,-65.11
674,,Ahmad,Garner,1999-03-30,Right,56496.0,310.32224751040525,,-3.1032224751040527,4.953,-790.5803237675335,471.7597163030389,0.178409174262117,1059.398604125609,4.176317887527773,1.6695012771597906,-242.59176,86.55
675,,Sherwood,Drake,2001-04-12,Right,8293.0,-300.0700123151555,7.809491453853131,3.000700123151555,5.385,387.9607275437576,555.7650677511333,6.9725435138541565,1077.178479707194,10.989025835481437,0.396915080278244,-227.86382000000003,23.51
676,,Harriett,Esquivel,2000-01-30,Left,48872.0,449.8728586408032,4.680708651472943,-4.498728586408031,4.423,-455.5246544787787,373.3932091219437,7.887535446111768,1048.465806694229,5.960426169565697,0.7762841240988839,-243.78293,-48.94
677,,Cherie,Payne,1999-12-02,Right,39887.0,542.1615787269393,-5.519751078273735,-5.421615787269393,4.583,-618.9237072197554,579.5418493727008,-5.110191674555249,938.7835423272188,2.7592838555389463,-1.8147903955283708,-254.13693,209.09
678,,Richie,Darnell,1999-10-15,Left,44348.0,-493.8838976488537,4.031818167273793,4.938838976488537,5.164,469.8370629881532,582.2461673650957,4.794499333607458,1059.369843967149,7.293924054070565,-0.1317478196952138,-231.29002000000003,-16.27
679,,Elden,Kauffman,1999-11-30,Left,34812.0,646.6169347557127,3.575001143879541,-6.466169347557128,6.171,-374.5873043331698,383.492673633032,5.8915226611317895,1043.7390506756292,5.405200239351403,-1.0666619382709928,-244.38415,-12.89
680,,Henry,Wahl,1998-06-27,Left,56510.0,-484.6402735627207,-5.603982452717737,4.846402735627208,-7.789,-514.4701471595192,366.7062468814712,3.977595223599608,1066.7627199486622,9.651713901477796,-1.0645013298337445,-253.58495,-85.86
681,,Corrine,Howland,2000-12-06,Left,58642.0,-439.3930493370409,-4.47576553532044,4.393930493370409,-5.0760000000000005,-362.893732922092,442.45117990695184,3.2260671932566427,1037.6718681230395,8.370442210315469,-1.4924039581227004,-250.6176,-36.15
682,,Noble,Criswell,1997-03-01,Left,51745.0,-535.2110603962194,2.996279391284621,5.352110603962193,5.171,607.3034601423052,598.498108996892,5.70029472588153,1055.2194357577516,7.595966433895907,0.1754770217519526,-231.19143,-40.32
683,,Ruth,Shackelford,1997-08-15,Right,45826.0,532.8517360302609,7.222445111940154,-5.328517360302609,4.882,-313.80965211941015,352.5459248957926,5.893877260521251,1035.6586287188998,2.0180907829695096,1.3099242059309006,-243.25735,-15.2
684,,Maynard,Rash,1997-09-12,Right,23903.0,-653.9460906987357,3.8271254361697538,6.539460906987356,3.851,676.2706703603078,620.7270662122747,4.803184635856646,1080.4673764696631,11.133731508587804,0.1191296587823141,-228.55624,3.07
685,,Mina,Belanger,2000-01-25,Right,42907.0,-568.8396991849937,-1.010892414801944,5.688396991849937,-5.009,-529.1362678401001,413.1300979030377,2.239366049280981,1043.3908375609074,6.931681478712022,-0.7704994257322363,-247.53932000000003,2.07
686,,Garfield,Leal,2000-06-03,Left,59657.0,-437.7623369360339,-4.5865216042910095,4.37762336936034,-5.462999999999999,-591.3094255895135,387.8066367630008,2.4781641976648188,1074.6483689456718,8.643579870144432,0.8291659958588807,-251.99481,-68.87
687,,Rose,Desimone,2000-10-03,Left,39994.0,628.3662849369024,5.272244762122208,-6.283662849369023,6.558,-227.3664574295283,395.1537341681809,5.984383787140369,1025.991576227797,3.3778472329221447,-1.6232972462949693,-242.94117000000003,-2.04
688,,Theodora,Sawyers,1998-12-31,Right,21541.0,-399.3505395801308,2.5168182662108607,3.993505395801309,5.193,453.60721993468775,655.2549129424716,4.40132259523728,1067.0582639298782,12.830185868291052,0.5234738232290024,-230.71082,43.71
689,,Barb,Gonzalez,2000-07-11,Right,73176.0,-566.1450426360376,3.627426070922035,5.661450426360376,5.2360000000000015,711.0577906779191,617.9416404643227,4.969691639223454,1049.2934195995656,5.492642841849331,-0.5775305543536572,-231.54483,-51.57
690,,Juan,Drayton,1999-03-22,Left,65671.0,-440.3387601078991,6.311156606697378,4.403387601078991,6.853,646.5287260263075,627.451156047226,3.221958316787372,1056.024659871905,4.614668661904652,-0.9818783023815052,-229.77604,-4.98
691,,Nelson,Julian,1998-02-12,Left,28514.0,-510.0493123791516,3.612721155842772,5.100493123791517,5.127000000000002,611.6509327132494,613.2270977969763,6.2150831014908885,1076.94889360887,11.37559193219742,0.7233692817519084,-228.97011,-16.11
692,,Camilla,Baumann,1997-12-09,Left,53897.0,-506.41760887486487,4.62206114037121,5.064176088748648,5.01,546.7596296568089,612.881300443606,5.980218547012438,1057.4737360397953,8.331138679589362,,-230.48377,-24.59
693,,Doug,Verdin,1997-11-15,Left,63060.0,-491.4586530221478,-5.731569138460287,4.914586530221478,-4.648,-486.4449330827575,400.11402619644167,3.916937684494127,1056.5166086416357,8.236120159422589,-0.0989877505236694,-251.1952,-88.79
694,,Blake,Easterling,2000-12-15,Right,44716.0,-546.0124951462857,6.949796789013398,5.4601249514628565,4.095,345.1408218671877,569.8515365506172,5.478324513412311,1040.0856263905505,6.052382867890579,0.3804339576234182,-230.48734,11.96
695,,Lesley,Skinner,2000-03-18,Left,66836.0,342.1291390708165,-4.0140754878697456,-3.421291390708165,4.977,-760.4548185301977,615.7126106319962,-6.92472429200362,952.6968148284428,1.1949879286965983,0.4423223157807845,-252.99965,204.56
696,,Louis,Wasson,2001-04-27,Right,62124.0,-539.0049144304269,4.711869637353567,5.390049144304268,4.515,590.8357873119745,588.489376182051,3.818197996930919,1037.0808556089744,3.96828464159512,-1.473923932454541,-232.3588,-13.23
697,,Goldie,Dill,1997-04-26,Left,43116.0,-599.1020826199073,4.32107400082654,5.9910208261990725,3.692,,531.9470917354622,5.393247632333214,1052.3596017836253,5.641109837777725,0.5766468667366687,-231.97215,-35.16
698,,Jeana,Huynh,2000-12-01,Left,19230.0,-380.47127165549546,7.35780282366601,3.8047127165549535,4.968999999999999,537.5619956404622,552.7528233926955,5.600739355065545,1065.9138244291726,8.085473687791536,0.7399654440062482,-228.77812000000003,16.1
699,,Manual,Fredericks,2000-03-04,Right,38734.0,741.889373669547,-6.014812223894137,-7.41889373669547,4.301,-393.1405769466507,572.6225142858286,,942.0145755813762,,-0.6241536869557112,-255.05659,181.62
700,,Nicolas,Prescott,2000-10-27,Right,43551.0,717.5571810537433,5.872995558789501,-7.175571810537432,4.2780000000000005,-742.070921757844,410.1246185457955,1.843917962712524,1064.7513850189553,6.082783993195255,-0.6768495653742389,-247.09087,60.05
701,,Kay,Barry,2001-02-06,Left,48581.0,596.9110244310009,4.892875036595275,-5.969110244310008,3.498,-638.8944818457873,409.6526277683738,1.5262896849421723,1061.6313305235672,5.2601757755103655,0.8356000894579891,-247.50971,44.73
702,,Andrea,Ladd,2001-10-31,Right,39281.0,-379.24975752843386,5.949923487512812,3.7924975752843375,4.743,744.6161328168539,587.3105987491152,5.296032087446641,1066.1200893130972,7.8759909244255395,0.1166304189483527,-230.08038,-10.19
703,,Princess,Crisp,2000-10-14,Right,27161.0,-338.31682561394365,6.6526696015730815,3.3831682561394367,5.336,577.9051951208879,572.1756070016962,3.1597827772064537,1050.0502173276373,5.689660773221935,-0.9977523935961714,-230.48408,42.95
704,,Blaine,Bullard,2000-04-07,Left,47924.0,-341.94100797818965,4.230244978702424,3.4194100797818963,6.884,306.32995195042093,618.4992813812937,3.292718816253895,1052.3449627738948,7.145534389268048,1.048844016639774,-231.82094,24.21
705,,Tommy,Hendrickson,2000-11-13,Right,37022.0,616.9879337259185,7.469537151467064,-6.169879337259188,3.447,-304.539699954422,351.03124653586264,4.438295606099588,1034.1322845168124,2.3528756641481894,-0.5125828849071086,-244.95814,23.38
706,,Michael,Eller,1999-01-08,Left,67125.0,435.6598271952771,2.3125533337421373,-4.3565982719527705,6.117000000000001,-680.9574672114088,430.8679433911233,4.1821714606712765,1071.7757887146818,,0.4930572190108905,-245.46142000000003,-38.33
707,,Arleen,Oneill,1998-06-12,Right,45096.0,-518.5517654281848,-6.165713015161269,5.185517654281847,,-404.7080474676685,395.5486243459624,5.599384675338986,1050.928742853694,10.452801350598085,-1.5923049783747394,-250.46158,-82.31
708,,Alina,Gilbertson,1998-06-21,Right,,447.6351232228682,-6.03139438918446,-4.476351232228682,3.599,-602.4901457749172,586.4151454504482,-4.192877729148022,957.1391802198864,3.6360067634118254,-0.72546634691577,-254.90392000000003,157.15
709,,Daisy,Starnes,1999-01-20,Left,37542.0,654.365219976528,-8.265147728529909,-6.5436521997652815,2.084,-649.4997110830889,552.9989979845674,-3.4685305333784893,915.586173409016,4.072176821356194,-0.4779249532196927,-258.83154,199.35
710,,Gustavo,Mack,1999-07-29,Right,29842.0,-424.39671867185285,5.062319999221515,4.243967186718529,4.669,211.62719029504905,595.9429729272632,4.935980949199111,1047.109354214304,9.197589510978643,0.1587869045412339,-231.38808,42.39
711,,Paris,Mahoney,2001-10-28,Left,70141.0,-502.20130654884383,6.054144838850613,5.022013065488439,5.874,554.2210909998485,590.2175211023471,4.549141026207866,1031.55618307511,2.861398070911373,-0.1617456782786525,-231.13751,-20.85
712,,Young,Duke,1997-09-26,Left,25078.0,492.9518608527992,-4.6715286140582535,-4.929518608527991,6.931,-316.0662040520229,576.8473179992889,-4.891588037966408,,1.8529746736215496,-0.3596353845531158,-249.60717,195.73
713,,Marybeth,Powell,2000-10-10,Right,72445.0,-713.6090850123528,3.5865187736200603,7.136090850123527,3.769,605.9923258942822,563.1039030635918,3.8027143573232167,1044.7922425235051,2.7228369872088805,-0.0266775047638842,-232.95997000000003,-57.27
714,,Alton,Ernst,2000-11-29,Right,63213.0,-450.3670469107474,-5.678248373687673,4.5036704691074725,-6.846,-530.3638445725453,378.32600633384567,4.542627326658198,1058.1281112426936,9.264959889412737,-0.8566192948238749,-253.3846,-91.76
715,,Murray,Bagley,1998-11-10,Left,67601.0,-480.9750831276629,-8.713620342072183,4.809750831276629,-5.574,-548.6414892724879,356.28631716499603,6.4356430481868925,1070.9592239174983,10.262399729252136,-0.8126689184254102,-253.71753,-162.55
716,,Bobby,Benefield,1999-02-10,Left,27472.0,707.6035659240085,4.258666403126528,-7.076035659240085,5.364,-275.9053402526955,384.7280041006889,,1034.7804303993134,3.6718674811438894,0.8395730044256756,-245.50941,35.97
717,,Lorna,Metzler,1997-11-24,Left,62686.0,417.0379177067828,3.6495435395311135,-4.1703791770678285,5.082,-587.1514080036436,408.8489201352894,5.220921959744575,1060.6601476708586,5.596505284371856,-0.8407705631429265,-244.95387,-37.39
718,,Sherman,Dallas,2001-01-21,Left,31884.0,-541.8154293192391,3.663288247346257,5.418154293192392,4.164,431.3595490996439,561.3518564555626,4.696051929719293,1070.685388587556,8.43352587988443,-0.2081668958189336,-231.41879,-14.01
719,,Nelly,Bender,2001-04-12,Left,64641.0,415.9631447109057,,-4.1596314471090565,3.004,-645.3819026323595,600.1857588827858,-5.692090864243963,940.4851599484444,2.273688848696479,0.3957432158008686,-255.92952,190.33
720,,John,Coombs,1998-06-12,Left,67762.0,460.9915652623603,-3.1064160703650563,-4.609915652623603,7.117999999999999,-355.00277071294227,619.6847188573032,-6.1924523849326025,950.7265725336606,-0.4925017493514852,0.6370680453861342,-250.56286,180.11
721,,Rosalinda,Ketchum,1998-10-20,Right,63271.0,-586.1417786640006,7.3799700541480515,5.861417786640008,5.1320000000000014,486.8535774773425,603.5968875513715,6.801746448669384,1051.9677018423138,6.684760300187287,-0.7325809529100021,-228.64693,-29.09
722,,Mckinley,Padilla,1998-01-11,Left,45029.0,-562.4312286041292,-6.684970090068117,5.624312286041292,-4.466,-642.160817760164,378.016062520922,7.129460271060468,1063.2677515827038,11.590120735571968,0.7748587428231161,-249.47178,-113.88
723,,Maria,Strain,1997-06-20,Left,39664.0,584.3574778275622,5.307487365770244,-5.843574778275622,5.565,-483.6944279467669,453.3304856552162,6.639799336980115,1037.5304608400102,8.165046133163289,-2.66533830235858,-242.67528,28.23
724,,Helga,Joiner,1997-09-10,Right,46152.0,-535.7739651873659,-7.003963331258223,5.357739651873659,-3.736,-491.8268528837007,399.4619142905853,8.077243933206734,1041.230837929127,,0.6492821445241067,-248.7712,-111.48
725,,Jacquelyn,Crawford,2000-04-20,Left,31603.0,559.3406784210074,8.270781786029048,-5.5934067842100745,4.593,-351.7396432203345,385.41798540681145,5.102503500168283,1027.0291574292476,3.3382204949915235,1.1419573268806278,-242.3123,45.17
726,,Latanya,Pinkston,2000-03-17,Right,39477.0,-473.7740773693964,-3.017912819610725,4.737740773693964,-6.782,-553.0941712189407,393.78776391362817,-0.3576839266885736,1094.4606136146108,9.453044703554768,0.4500431612978441,-251.09979,-10.72
727,,Bryant,Swearingen,1997-12-11,Left,62589.0,-537.8282535062679,,5.378282535062679,5.496,500.5897456470729,620.0903491149246,4.936085928176698,1041.3734400618775,5.582405367106293,-0.564247445488819,-229.76009,0.16
728,,Ruby,Delagarza,1998-04-20,Right,54596.0,463.86957482012537,-4.899587979860852,-4.638695748201254,5.095,-505.5084760294072,572.3820508914129,-5.7837253874215975,948.581467821906,0.5526559044896104,0.8240197252239629,-253.43645,178.03
729,,Myron,Lange,1997-04-18,Right,45055.0,-324.6494894982223,5.017048203465287,3.2464948949822228,6.847,525.0737932147458,596.488829400703,5.305812797374805,1069.0383888898336,8.06011412895322,0.2453301020321361,-230.1368,-18.46
730,,Dennis,Rupert,1999-05-30,Right,55550.0,-294.38117072474387,5.8037575103164025,2.9438117072474395,7.713999999999999,486.26852747241605,642.5991580274107,3.985551531896328,1054.0455347826237,7.014180303539961,-1.4234790015204062,-229.99104,17.15
731,,Sonya,Ford,2000-04-07,Left,60978.0,-536.7252706409656,6.082425396675072,5.3672527064096585,4.5280000000000005,498.4267375693957,615.3350676586273,7.187735064619941,1059.3543309446777,8.850284070690169,-0.3923915272009914,-229.73603,-33.12
732,,Waldo,Osborn,2000-08-06,Left,57294.0,-388.89055281548735,-3.51474578888764,3.8889055281548734,-4.612,-343.548756272786,458.3807161533793,2.5081184314026777,1033.873146060651,8.002627866092213,0.489321038766224,-250.05655,-11.45
733,,Lauri,Holbrook,2001-04-10,Right,68802.0,423.5333035556693,3.0876440499028144,-4.2353330355566925,4.515,-457.816375611152,451.0132693619752,1.976564660493528,1051.8082368939968,4.194865568437197,0.2076954319058503,-246.52992000000003,5.48
734,,Johnny,Iverson,1998-04-18,Right,29614.0,-643.8472830145204,-4.3250733323133215,6.438472830145204,-2.827,-467.35689339033433,403.9373332817112,5.6921540666633685,1047.2961534030344,9.414721584975696,-1.1467177257042986,-245.20487000000003,-60.16
735,,Carter,Costa,1999-07-16,Left,,,-4.352975180938912,-5.199247701526864,4.819,-664.9791729299908,621.4896362464333,-5.214949652144608,957.488307508308,4.48036021213516,1.112509524642081,-252.91746,210.57
736,,Mercedes,Cullen,1997-07-18,Right,64225.0,462.3719187352362,-6.725379031510682,-4.6237191873523615,1.776,-833.532624379939,587.3230910348755,-6.704470566853571,915.7574878999344,1.1159067460846792,-0.213771907320928,-259.1363,223.69
737,,Luella,Pease,1997-09-23,Right,53234.0,-450.3591271788844,-5.508784167826028,4.503591271788844,-5.45,-204.08963829739795,452.4718613319812,3.5358705284488234,,9.04422350997115,1.3311149496298529,-250.59645,-37.47
738,,Vickie,Sharpe,2000-06-07,Left,74747.0,310.0582829007205,4.973182524470125,-3.1005828290072053,5.997000000000001,-654.5640848872298,385.8109095935168,1.9828660530734337,,1.237469020817544,-0.1575282958179777,-244.64615,-38.02
739,,Flor,Vick,2000-09-20,Left,36050.0,311.2375585780409,-8.420350592954499,-3.1123755857804087,3.029,-430.9799480924413,540.008171318455,-3.6361946803067258,944.116707018964,2.9521794719970584,0.5994341218923824,-254.49369,145.15
740,,Garry,Sonnier,1997-01-10,Right,34595.0,637.6831648362488,2.26948426138587,-6.376831648362489,5.176,-362.2126038599779,451.1729669618945,6.681690833346214,1034.9719172942418,9.10722169962622,0.0929422150511807,-244.76615,13.38
741,,Jimmie,Gall,2000-02-09,Left,48238.0,446.4759435881416,4.196043072634264,-4.464759435881415,6.319,,417.6421877337824,4.074052682912456,1054.9496511672169,5.036613584198667,1.3233043592797342,-243.44088,0.21
742,,Hassan,Hoyle,2001-09-10,Right,49231.0,616.4022439992608,5.014411767264819,-6.164022439992608,4.057,-582.1055937000774,390.5319994189705,0.4315986125581785,1061.3617489611688,3.18131671169006,-1.1157447512262837,-247.72098,41.72
743,,Robt,Spence,1997-03-18,Left,49965.0,-764.4022977481073,6.360130078799733,7.644022977481072,2.421,511.1493968485456,571.7766628950061,6.503885281247197,1044.0224837687686,6.545744673854854,-0.2461298278068859,-229.78705,-21.25
744,,Rosalba,Timmerman,1998-01-04,Right,49913.0,794.9029895050696,-2.21498505829532,-7.949029895050696,6.268,-767.74633508802,598.3041089421015,-7.443277788718112,934.3434143915124,0.5004234501758704,1.3370309775044782,-254.44449,263.53
745,,Cindi,Connor,1999-08-28,Right,64061.0,-534.6537868777649,2.245071928052255,5.3465378687776495,4.868,579.4951775751052,607.6576391702246,7.328542308139482,1062.873884063487,9.237008456356,0.57562853294483,-231.82042,-75.96
746,,Sung,Poindexter,2000-04-15,Right,101374.0,-460.8951021577618,2.1697125370629164,4.608951021577619,6.72,477.31048795895566,641.9959631061897,6.277327870150333,1030.982639123832,5.133809445004417,-0.0225148782141424,-233.82559,-79.05
747,,Alva,Morrow,1998-09-04,Left,38216.0,-633.1269416356172,-4.261208644277211,6.3312694163561725,-3.192,-614.9508081735703,388.2611861039331,7.692518267279457,1036.4955409837594,9.613865324345248,0.4387467516506988,-246.08167000000003,-81.77
748,,Malcolm,Mcqueen,1997-01-02,Right,24891.0,767.3346022076872,4.899694553907711,-7.673346022076872,4.845,-170.42198863278577,354.50069393932444,8.94875677898073,1024.139152028814,5.962553818146813,0.4342905899763393,-244.2249,-19.9
749,,Corinne,Ashworth,1998-05-20,Right,33907.0,-442.7719664547429,4.072104183407772,4.427719664547428,4.59,206.95437784450647,536.1225080307736,6.81358266110281,1040.1679346422643,7.577364598121522,-1.208087671689,-232.44593,-12.77
750,,Renate,Goff,1998-11-05,Left,64294.0,437.3811654126104,6.623409622257488,-4.373811654126103,5.481,-509.98977012663767,404.6439806804137,6.062806074849241,1047.523450293685,3.950061786348612,0.8843715402793161,-242.88413,-26.12
751,,Colin,Lash,2001-10-18,Left,41272.0,-383.1680329985901,6.820773232386619,3.831680329985901,6.226,540.852795368509,622.6543949357748,5.677645268594673,1069.8278638324691,9.328475430270071,1.1329086139469542,-228.26557000000005,6.68
752,,Granville,Allen,2000-04-01,Left,55032.0,366.4116807546203,5.401484900471952,-3.6641168075462014,4.773,-245.2695322188661,356.8796160433159,8.173458138314064,1033.612923622988,2.859172754601808,,-242.61113,-69.41
753,,Megan,Eubanks,1998-09-12,Left,31374.0,481.9189692646176,9.06907680598236,-4.819189692646176,1.587,-211.29371832222432,406.7769754427954,3.8787871798558258,1012.2178518953424,3.1597328953852166,-0.1333249945437559,-243.557,87.08
754,,Leanna,Mclain,1999-09-14,Left,53235.0,199.31091178563872,-5.640473071860651,-1.993109117856388,3.886,-913.9943801858462,604.6451055690114,-5.036502132639146,974.9859943616624,5.317340837417901,1.0776705836745797,-252.37095,179.62
755,,Kimberley,Sharpe,1996-12-06,Right,39991.0,270.74104185942025,-6.783144005684125,-2.7074104185942027,3.518,-1043.9615274537164,567.3518380001963,-7.512111616461143,906.6273196915248,-0.1607259212409841,-1.7494600452235711,-256.09132,254.08
756,,Ora,Farley,2000-10-27,Left,46646.0,562.3227611282957,3.72637279749959,-5.623227611282958,5.574,-535.4008978956331,366.60840587795394,2.7663886561430484,1060.9350164393943,3.201223209519631,0.1669957267471255,-246.14886,-9.82
757,,Joseph,Vo,2001-07-25,Right,39367.0,,2.6603872107009416,5.9553184022505805,5.175,793.7476683037027,595.8557095667843,6.644708130720612,1092.8880161881093,10.581386788033386,-0.5903891847567013,-228.80322,-73.92
758,,Marcie,Penny,2000-05-13,Left,69006.0,232.20774160951623,5.1071031758458645,-2.3220774160951625,4.944,-613.4844787363234,391.5244705144792,4.259030480753305,1063.780830774402,3.089046953671029,-0.1797038447333201,-243.58562,-43.78
759,,Mellissa,Mcgrew,1999-02-22,Left,63263.0,513.3770447990878,-1.919077634291552,-5.133770447990878,4.677,-967.3473613555708,696.6504423003707,-7.758135771166036,969.6552246970758,6.09417401386066,-2.6455007142393847,-252.52002,279.07
760,,Alaina,Lemay,1999-12-13,Left,28583.0,802.726865709818,2.9359230592771453,-8.02726865709818,8.644,-332.4425541553537,328.7538476856115,8.121848139526522,1046.2645813771494,4.5238982916661525,-0.221335971750528,-243.63302,-65.78
761,,Angelica,Mcclary,2000-07-10,Right,50108.0,-587.6312452456295,-2.314444018379577,5.876312452456295,-4.8180000000000005,-635.2009959106465,387.9010773506287,3.9286536962604575,1047.3089687743177,7.336730367604543,-0.4298970418518221,-248.38789,-44.37
762,,Paulette,Royster,2001-02-21,Left,28851.0,-536.3484047027246,4.788227859169645,5.363484047027247,3.867,181.415217006915,562.3065863141346,6.9934881966547895,1043.06808947743,9.271632451774954,0.4966985865382396,-231.08956,8.29
763,,Olive,Mcgill,1999-07-28,Left,40526.0,619.2982242967975,6.507565134803432,-6.1929822429679735,3.552,-418.6609935177823,402.2395078208797,4.153546514529113,1037.2226987764136,4.821030366992411,-0.1983891860555926,-245.28389,43.08
764,,Edwina,Bowlin,1997-06-09,Right,25688.0,747.8422978737239,7.163628052691895,-7.478422978737239,3.156,-362.9694876595945,339.06348133055326,8.427301854457149,1033.9716673931327,6.289892381075775,-0.8666645564094669,-244.72435,2.06
765,,Wiley,Wayne,1997-06-20,Left,48173.0,372.5274870664087,3.96061783795838,-3.725274870664087,5.8329999999999975,-613.519380636451,406.55725783599365,2.9719052028246145,1061.8240886103129,4.380889103586037,-0.5979387687155528,-243.85754,0.35
766,,Ricardo,Miles,1999-05-19,Left,50613.0,566.6254857216837,-6.408720403084358,-5.666254857216837,4.06,,594.3175692323056,-3.2560963068639075,945.3124018379308,4.5128470352898535,-1.0293741270107128,-254.55306,168.92
767,,Herb,Foote,1998-03-18,Left,62422.0,-422.5831087772421,-6.344534626746317,4.225831087772422,-4.0680000000000005,-421.1837234781568,418.4489578655587,7.2056527133437385,1025.5239854928957,9.407826514045412,-0.3345143481212589,-250.62117,-97.57
768,,Ivan,Arellano,2000-10-06,Left,51604.0,459.5051335386418,5.536146840539229,-4.595051335386418,3.0580000000000003,-295.64947607854486,370.375499531796,7.773364707022486,1035.6400954841115,4.828109245831298,-0.8632911399404337,-244.47541,-39.66
769,,Orval,Street,1999-01-20,Left,49888.0,-471.2223234695085,-2.2305129167623456,4.7122232346950845,-4.405,-460.40765773231055,445.5349105816361,3.9748606443511454,1023.4946926167293,7.993615347081577,-0.8575030444821602,-248.13382,-5.42
770,,Latisha,Frias,2001-02-28,Left,59125.0,-493.9296358872365,7.655441556430437,4.939296358872365,4.613,129.55734719776143,552.7763402531309,1.8563580288337047,1006.324033374646,0.116429213542196,1.205422943672303,-233.50886,58.05
771,,Denny,Romano,1997-05-08,Left,73187.0,413.4648479328836,-5.738558508691787,-4.1346484793288365,2.67,-974.0428779964084,587.2068938284185,-5.804496869011617,947.1668687660816,2.5960405439030887,0.8490459116043949,-257.41448,188.47
772,,Marlin,Quinonez,1997-01-07,Right,54690.0,-394.3481480153058,4.610215562713084,3.943481480153058,5.5920000000000005,407.5928852900418,621.9063999907468,3.760783762821453,1047.9512640142427,6.999994958222496,0.9717403469151132,-232.16235,16.28
773,,Victoria,Nelson,2000-12-06,Left,55695.0,417.70870147534447,7.936468679739717,-4.177087014753445,3.804,-436.8128776420973,,4.232627848864199,1032.9242389594615,3.9908479023908425,2.270562637206216,-242.98304,42.0
774,,Huey,Marquardt,2001-10-16,Left,69736.0,451.1980697441866,,-4.511980697441866,5.5,-716.7753447884247,609.5513296719063,-8.858992991610515,928.1297828856505,-2.422484663463976,0.5640558102781403,-254.15358,240.01
775,,Trinidad,Bartholomew,1997-08-16,Left,34849.0,577.5835447433941,-5.654342770070947,-5.775835447433941,3.593,-416.13211051581567,642.6257254658249,-3.934012712563734,961.665298846749,8.04240662577152,-1.9564132317550007,-252.81646,214.76
776,,Jean,Walton,1998-03-23,Right,47658.0,-557.1594702107225,-5.461713389341347,5.571594702107222,-5.502000000000002,-661.4411829697711,354.38913671289566,6.7492704026867845,1060.1691567338562,10.255861034809852,1.1771821043627229,-250.28443,-108.71
777,,Norberto,Green,1997-04-11,Left,48618.0,531.2910220763513,3.2417030948202665,-5.312910220763513,6.0760000000000005,-547.7554397824797,369.066976849212,5.243768764320434,1063.5143513290484,4.894488832624315,0.0160656159898609,-244.99015,-43.94
778,,Hilario,Hollenbeck,1997-11-05,Right,74346.0,-301.39263399353194,-6.293455994918633,3.01392633993532,-8.031,-287.9309165908955,425.3075702079862,1.6734964568505657,,8.885649986564829,0.7271258936516274,-256.34955,-58.1
779,,Lindsey,Reichert,1999-08-14,Left,54671.0,-518.2154259575734,4.4796323061777725,5.1821542595757375,4.77,375.5523196218948,619.0059930939623,5.299185104293784,1043.5314138575231,7.850765986453878,-1.1268199526407203,-231.50904,1.73
780,,Lowell,Champion,1998-12-24,Left,85206.0,-211.29767988382912,-8.311758022602984,2.112976798838292,-6.8420000000000005,-403.2954516848752,414.164648233632,4.594671722910132,1052.4422984117211,10.132673097785084,-1.1337138808284744,-257.48763,-113.93
781,,Lisette,Vo,1997-08-04,Left,45457.0,-366.2609080925873,,3.662609080925873,4.849,520.569048060745,585.7668175708619,4.423344477316865,1061.2258004777668,7.304046339861424,1.0519195088275248,-231.75499,0.13
782,,Peter,Holtz,1999-04-07,Right,48243.0,-596.4312900051709,7.0196948417129095,5.964312900051709,3.742,754.1741944276444,580.254409288536,3.645966636043664,1055.0394352646283,4.610958137962847,0.5067313949200287,-229.76045,-0.53
783,,Noble,Ulrich,1999-09-13,Left,29000.0,-682.4910725812964,-1.8254744098746327,6.824910725812964,-3.442,-666.2854786467627,374.7823613572351,6.5842274653721145,1036.5847284569063,8.344473676528217,,-244.55356,-47.17
784,,Kyla,Binder,1998-05-27,Left,45164.0,543.4926178016381,5.6105823817304925,-5.43492617801638,4.918,-397.0136369965998,384.3015083336381,1.4931290628424456,1043.1879286414858,1.4197535951776523,,-245.43868,33.17
785,,Asia,Bledsoe,2000-01-01,Left,36915.0,592.0516576954783,4.266145752915878,-5.920516576954782,6.742000000000001,-714.686040767252,429.5183597810369,9.813089133535748,1056.480968774952,11.143307366160496,0.2331340264353433,-241.75187000000005,-24.28
786,,Carrol,Baum,1999-09-28,Left,54088.0,-565.0968744639599,5.340669481719504,5.650968744639598,4.751,501.1683633126487,598.5393492873379,4.967553516661037,1034.2382016908432,5.464933103094445,-0.8500423526629276,-230.83877,-0.5
787,,Carmella,Brice,2000-10-21,Left,38553.0,-487.41392736056616,-4.154068067861594,4.874139273605662,-4.584,-606.5736681668844,408.5078214157349,5.544340936435132,1053.69037311672,11.13024717905362,-0.8173413584060997,-248.47525,-49.14
788,,Brianne,Redmond,1998-03-17,Left,60024.0,-490.4680078747834,3.8734137770286967,4.904680078747834,4.95,690.0290189496634,640.0176552666418,1.7613642681647228,1049.2112718504247,5.409010155611038,-1.0939520427952556,-232.36958,16.24
789,,Carrol,Owen,1999-05-02,Right,25867.0,731.3167761199367,-3.620189666356176,-7.313167761199367,7.107,-361.1324853008149,599.1779442769246,-4.392145160722226,955.2818284345592,4.058108791910644,-1.0058185329909288,-250.3505,215.63
790,,Lona,Nickel,1998-09-03,Left,46755.0,-507.40120129900606,5.933565845261576,,5.1370000000000005,820.402314355211,607.5893071019854,4.719939132123254,1070.3102343788091,7.2117735228706525,0.6824337335707601,-228.80917,-19.37
791,,Lynn,Redman,1997-12-02,Right,38995.0,546.1653869312436,4.321604629489919,-5.461653869312436,5.437,-207.4856652018269,368.24171532588167,8.432185370794812,1029.6979214972375,4.781045874327236,-0.5034779762260941,-243.06591,-46.06
792,,Aubrey,Box,1997-08-04,Right,51864.0,543.6100139481662,-2.3727042806319467,-5.4361001394816615,6.157,-626.9409062233999,638.488164908729,-5.537724924560052,988.3360732892372,5.523389754741786,1.5761663097220089,-250.15192,205.98
793,,Dortha,Borrego,1999-03-04,Left,32823.0,513.0564109563365,5.04326940652251,-5.130564109563366,3.599,-449.9288397386266,447.9060066925425,3.965183530561157,1037.4593885492427,7.2369198033856925,0.8939793887727671,-244.32734,64.08
794,,Lynn,Fortney,1999-04-18,Right,57856.0,-457.23739410251466,8.116130494800553,4.5723739410251465,5.795,531.3457784883228,613.7707750179541,2.648301333548424,1045.4219160864689,3.872564470860665,-0.3408136337719679,-229.76458,33.97
795,,Rosario,Tanaka,1997-10-03,Right,57174.0,420.8301627989681,-5.717986477398764,-4.208301627989681,3.803,-577.5752678015917,585.5383678850527,-6.366264760951611,933.410720256286,0.5691338231767853,-0.0936038870246538,-255.18769,199.31
796,,Benton,Pina,2001-02-08,Right,57163.0,644.9989004295769,-4.7279141228671495,-6.449989004295769,5.266,-274.8139012008665,593.0265891129568,,945.071561262398,1.7319233933842764,1.0990167416651322,-253.60865,171.29
797,,Larissa,Cowley,2000-10-21,Right,-24370.0,-258.1539291718634,5.6259025848495,2.5815392917186344,5.771,455.4636385231258,548.4780139683842,5.34029542495453,1086.3853674922705,12.556190290938174,-1.4704135257752644,-227.7625,56.38
798,,Andra,Moen,2001-01-23,Left,40424.0,-467.5737266095989,3.486307225235148,4.675737266095988,3.213,479.80887820341127,571.7582851195882,4.325317284198373,1044.3420458425362,7.093295725732464,-1.1535451736927709,-233.68723,5.24
799,,Simon,Alicea,2000-10-11,Left,41673.0,-448.1400887223084,4.19432568773736,4.481400887223082,5.355,350.56521467937586,570.3810431036911,4.192601911021281,1046.6591583887848,6.143994704513396,0.9586758991644788,-232.15329,4.39
800,,Candice,Buford,1999-05-20,Right,31479.0,-520.2551665546392,-6.972697454558348,5.202551665546394,-4.87,-625.3610315644361,375.4921131358387,6.797114951737522,1077.8751990304193,13.413173841656349,0.1373609672767897,-249.40654,-102.14
801,,Monty,Parker,2001-10-30,Left,42076.0,602.8189768682057,7.117138452658273,-6.028189768682059,3.522,-302.9585974377467,392.7028738377192,6.231078690758147,1027.095133389376,4.6283725437525,-0.8170768305363235,-244.18685,20.32
802,,Roslyn,Holman,1998-05-21,Left,41317.0,-597.0914619535395,3.072635950628456,5.970914619535395,3.629,655.981632535334,585.545578267654,5.585216748946746,1060.6204283313807,8.418459011776044,0.3530259152814922,-231.25584,-32.28
803,,Freeman,Wasson,1997-01-12,Right,42957.0,-417.1082840927246,3.147575917809672,4.171082840927246,6.1720000000000015,550.2237161867208,616.5381728175067,7.516615416898099,1078.9197601126275,11.682342251642432,-1.2638624217731675,-229.63542,-49.07
804,,Pam,Acosta,1997-05-10,Right,42599.0,-429.3555640036315,3.5786697733889574,4.293555640036315,6.127999999999999,930.2439369079289,583.523552530816,4.741661280031384,1077.4472317224115,6.956363656889481,0.7218327433929362,-229.8384,-52.81
805,,Dorsey,Carter,1999-05-07,Left,55000.0,484.4230918796368,-3.563434204382558,-4.844230918796368,6.638999999999999,-572.3006670400043,587.7776082048166,-6.212233768566213,949.4587775503217,0.0296774079332022,-0.2753955183792592,-251.6871,194.33
806,,Dorothy,Brownlee,2000-11-10,Right,89262.0,-226.15426140864483,-8.448978276399894,2.2615426140864483,-7.963999999999999,-369.5557253736426,413.8993802524207,5.684148226570968,,10.231331731313588,0.8812782158768891,-258.33848,-118.52
807,,Bridgette,Handy,2000-05-06,Right,45747.0,551.8562682274037,2.6313624390441808,-5.5185626822740375,5.848,-652.6556517145442,414.5576008199456,5.520352987331378,1065.6832793671442,8.00377255330945,-0.3043691432118827,-245.02736,-18.94
808,,Herman,Nall,1999-01-26,Left,57610.0,283.7509177245072,-4.370968872274487,-2.837509177245072,5.537000000000001,-611.2357930628903,602.9251435102741,-6.153689557946823,963.467005756491,1.619537308612077,0.5095244244241307,-251.14462000000003,180.77
809,,Floyd,Tinker,1999-03-25,Left,37118.0,-433.38711900858,8.262212697185362,4.333871190085802,3.5460000000000003,190.878930067508,554.2506832729167,7.054348091747954,1044.4983730432557,8.080984203306823,-1.3782019993234005,-230.57034,20.52
810,,Evangelina,Cope,2001-01-10,Right,30699.0,-634.0851700139335,-2.04316507407336,6.340851700139336,-6.64,-650.5719039016043,361.9276024694824,3.0770667418290536,1070.4035326248002,9.097518487078126,-0.655873629423761,-248.46037,-28.53
811,,Nadine,Vieira,1997-09-02,Left,7899.0,662.3967952480007,4.923154903520189,-6.6239679524800055,3.568,-253.04161008111384,443.8509816423462,9.8947086356579,1013.115420453218,11.423530869410742,0.5675307704686168,-242.1779,50.23
812,,Chanda,Hahn,1997-08-16,Right,33803.0,-677.2240840280474,-4.2768529609318735,6.772240840280475,-3.606,-696.0067211836313,352.9029126985723,5.907877719195192,1068.518143111308,9.405839590992349,-0.9122931469588,-246.56322000000003,-92.96
813,,Joni,Teal,1998-08-29,Left,37313.0,,4.366677773500067,-4.914335166660743,5.245,-590.2680981093738,427.4119571713268,7.372095202832964,1050.2549761231494,8.94920127641468,-0.3726715920830497,-242.7418,-0.56
814,,Rae,Farmer,2001-11-02,Left,54773.0,-375.0274439417644,-4.960818912171951,3.750274439417644,,-456.9850889547399,436.0511445096355,4.265954365676157,1045.434247170631,9.991413618435631,0.0274813109995325,-250.73117,-46.97
815,,Lorenzo,Mccombs,1997-03-18,Right,55256.0,-571.0936490004002,6.231290691845512,5.710936490003999,4.755,498.33085835890864,619.5040662414942,5.582278055092178,1055.1905192994009,7.732793312875835,-1.0109061933668508,-229.43918,-6.36
816,,Darrel,Matney,2000-06-10,Left,38924.0,-727.3040012501822,-4.840330810370071,7.27304001250182,-4.299,-646.0332001717524,345.5374460811572,5.968526654538867,,8.813384172467748,0.8172655391263257,-247.33566,-107.34
817,,Marquita,Hills,2000-09-21,Right,,-503.32467771798514,6.250759064967183,5.033246777179851,5.292999999999998,521.855577939956,613.4951241962325,4.400605357896984,1031.3509187154814,4.341988199465996,0.2492219376366393,-231.03647,3.23
818,,Dewey,Clough,1999-08-25,Left,25772.0,-416.26457722956206,6.011744981269377,4.162645772295621,4.957,382.7671266839748,584.1024162347406,2.1074686378487058,1058.5672250651166,6.750471534544598,-0.3457099781966098,-230.97128,59.04
819,,Juli,Trujillo,2000-02-18,Right,58803.0,-449.72258411126296,7.056490086208862,4.49722584111263,6.143,580.0831812733862,632.0268527645618,3.608038644357653,1048.6749353231523,5.4374892773871935,1.31416899995524,-229.49254,19.02
820,,Sidney,Alcorn,1997-12-03,Left,-2464.0,940.3980794108536,2.9243477728612635,-9.403980794108538,6.9579999999999975,-262.1416646329904,435.1913954894261,9.913827716824226,1018.8519232871008,11.827777626138005,0.3717177461907649,-242.52014,39.62
821,,Alana,Kersey,1998-01-03,Left,33845.0,479.809917239206,3.846392772165909,-4.7980991723920585,5.033,-522.3463042185739,465.0351235691992,5.073603849451375,1042.9856697232915,8.689670837352274,0.3018639717429507,-243.17674,43.56
822,,Candi,Sykes,1998-10-24,Left,39617.0,-455.4085671684825,-4.949604972832224,4.554085671684826,-4.825,-472.0535655167743,419.3398897564531,4.706164147245868,1054.6816807531673,11.016432552077507,-0.1657408823564566,-249.27836,-47.18
823,,Nora,Lynch,1996-11-28,Right,74035.0,-203.87908692006263,8.617523398443105,2.0387908692006267,7.95,487.9156780821513,620.2388249807027,6.948683403749078,1057.2506772736406,6.583492626239661,0.0440575588522643,-229.08538,-28.52
824,,Fletcher,Byrnes,2000-03-10,Left,46521.0,540.6092461908936,5.384336745968655,-5.406092461908936,7.3610000000000015,-605.5167364924225,433.1138233944323,4.111260984349848,1050.7003230052726,5.112833371229728,-1.227221692122078,-242.49289,21.15
825,,Branden,Ladd,2000-04-14,Right,84971.0,-503.0098423688189,5.74354859387698,5.030098423688188,5.665,519.4350421136803,618.3627841928577,4.443700713237121,1035.7358241245693,3.539835592896292,1.2701102053115312,-231.97316,-28.5
826,,Darius,Leblanc,1998-11-02,Right,39459.0,604.8741221008115,4.624139317316313,-6.048741221008115,4.418,-601.0343644722049,399.92953405383935,-1.6032818680759444,1063.2984311251234,2.8247929245556738,0.9608672465356084,-247.62805,74.4
827,,Karrie,Eddy,2001-02-05,Right,51956.0,-483.2431505478928,8.247352791823799,4.8324315054789295,6.279,772.4601318182547,643.7157372771994,6.079231919382791,1070.0168036883204,8.355645789947394,1.2610099290119077,-226.12874,-8.74
828,,Lenny,Necaise,1997-11-07,Left,13451.0,-671.7065575436742,2.7639786806681004,6.717065575436743,2.891,472.09629171409694,583.4654966239282,4.441327474013156,1063.3111898158886,10.301747732748176,1.1172407805214937,-230.655,21.37
829,,Renato,Peel,2001-08-14,Right,73077.0,-397.4496964094215,,3.974496964094216,-5.867000000000001,-315.6439402611497,406.5832376866552,4.85944401664274,1030.6508809781978,7.461730663178782,1.3259458993405482,-253.27786,-91.41
830,,Stephanie,Withrow,1998-09-29,Right,47557.0,604.2752742784119,-6.074543889143336,-6.042752742784119,4.2860000000000005,-518.5371976822619,560.6889753231427,-5.038070778733442,923.3296592325404,0.7771206629716252,-0.1155134556795335,-255.92169,194.8
831,,Rhoda,Stapleton,2001-09-16,Left,93900.0,-255.10994679052465,5.745369113139563,2.5510994679052463,8.169,606.6106223277419,630.285760663215,3.8104139190121775,1042.6238919853945,2.6775529327883243,-0.1155598144266455,-232.30561,-38.32
832,,Dillon,Shelly,1998-06-12,Left,35599.0,-584.8584245605769,4.1705174993573735,5.848584245605768,3.92,389.1618704946528,560.6063788234344,3.608483591148053,1041.9754900739642,5.612239990812372,0.946328881335892,-232.1417,15.38
833,,Ladonna,Chun,1997-07-04,Left,69837.0,387.6129886098165,2.132499227595013,-3.876129886098165,5.38,-478.2796295254398,403.2784518130185,6.576303972014352,1057.917548610085,5.502551347019542,-0.1044200202991046,-245.2018,-79.69
834,,Sherry,Kelso,2000-02-13,Right,36526.0,558.6261765243312,2.4673656032578912,-5.586261765243311,5.327999999999999,-606.7309073356575,425.26542622854754,7.4126133064462785,1058.2857090050964,10.16651263580838,-0.385447033494488,-244.27058,-15.48
835,,Arron,Maldonado,1999-02-10,Left,66711.0,459.66569587242407,-5.391593102139415,-4.5966569587242425,3.572,-599.5028392589569,598.092717699784,-6.5317738908950425,933.2754582687592,0.5737774551145582,0.1811405179627862,-255.96326,200.33
836,,Paulina,Parks,1997-07-29,Left,,314.3322468894,4.980420958850448,-3.143322468894,4.6960000000000015,-611.6499832995001,424.328539659072,5.9553652207226815,1054.106125603521,6.961373598128168,1.7179812118991844,-242.42436,-4.76
837,,Gabriel,Stclair,1999-11-16,Right,25985.0,-328.14085955585875,3.920040403708636,3.281408595558588,5.273,440.0426846755769,603.0202456584083,3.6067555195653993,1056.729658488346,9.006275646045767,1.5270651205624393,-231.85209,40.09
838,,Carey,Stewart,2001-03-09,Right,64471.0,-657.6824955699767,4.960842392329352,6.576824955699768,3.948,480.1082013881455,609.7735384107182,6.750396216744032,1046.9656068076615,7.56755233081107,-0.8783697928685209,-230.56194,-37.19
839,,Florencio,Bogan,2001-03-23,Right,36187.0,481.0437937890952,-6.137879803532589,-4.810437937890952,4.767,-680.4410337410293,561.8125253812817,-4.510162626094553,941.9975561309614,2.926486561608406,-0.0342229097302662,-253.78818,192.73
840,,Valerie,Fender,1999-05-14,Right,60284.0,355.5438066149232,0.4393188211694081,-3.555438066149232,5.305,-497.5950063354872,407.5216739996224,4.174614674477612,1065.4368817389177,5.498096059667309,-0.8966459866672795,-246.19526,-57.45
841,,Spencer,Lovelace,1998-04-11,Left,62960.0,650.9713891202111,-5.029782803267904,-6.509713891202111,3.974,-581.5902457553926,593.5603676966232,,953.4708232675628,3.8410060712790366,-2.3569452670120783,-255.63398,174.5
842,,Darwin,Tompkins,2000-04-16,Right,33487.0,-587.4509735947022,-1.7125389388641208,5.874509735947021,-6.313,-488.5232642483544,415.7725702811559,3.392783026287024,1040.402590635918,8.993270098489594,-0.9146086804067688,-247.81067,5.51
843,,Traci,Flora,1999-07-11,Left,25998.0,,-4.106767560325523,-8.674625355673273,5.622000000000001,-169.4588638559141,637.9524684024317,-3.806293700322669,948.9432955948532,6.506273510022745,0.2391286351080225,-251.83724,233.26
844,,Dee,Mccurdy,1998-07-19,Right,59072.0,547.2580630529951,3.756164890259532,-5.4725806305299525,4.987,-448.1076230818171,420.960898098254,,1048.4980867924903,5.9248985798795175,0.2814437595638904,-245.40747,-22.07
845,,Erwin,Baldwin,1999-03-15,Left,46674.0,341.989993930929,-5.4414536810459575,-3.4198999393092904,4.1960000000000015,-844.6290798887647,587.5502120297098,-6.282411184667176,945.3372015045628,2.399051126567705,0.1169320251323899,-253.843,215.44
846,,Lupe,Durand,1998-01-30,Right,55709.0,418.22819698900565,6.951079731592046,-4.182281969890057,3.956,-343.2491558674629,363.8055380216672,5.342627475546894,1038.6650935416403,1.8865186525673088,-0.6305197203666938,-243.8071,-20.89
847,,Sherri,Watts,1999-07-23,Right,44724.0,-654.7338249059824,-2.7254299392128063,6.547338249059822,-1.422,-636.9606311297289,396.3231522929996,6.7756517006600285,1028.2484210849643,7.023336449895313,-0.9817210046036212,-244.35507,-70.31
848,,Graham,Lake,1997-07-14,Right,56473.0,538.5688541906542,5.855271686944297,-5.38568854190654,4.178999999999999,-560.4919306164387,404.76851711063495,5.728951058686408,1051.6406810143128,5.870867267978759,,-244.92905,-6.57
849,,Lena,Plunkett,1997-07-13,Left,50991.0,248.99652825264965,6.0841294852814265,-2.489965282526496,3.162,-567.4449515799712,400.8555114655534,3.3116814605168217,1052.6256606097763,3.917804247663764,0.2840164428286703,-243.77948,15.64
850,,Reba,Labelle,2001-07-05,Right,48646.0,-248.3531258921045,8.606710000238946,2.4835312589210443,6.723,128.71645428325803,615.7022592253334,4.1902831637790365,1031.2147428639237,6.116651653290093,0.8612768049092598,-230.59103,70.43
851,,Chi,Keller,1997-03-20,Left,43311.0,-596.991908067804,-1.7055247224270516,,-5.462999999999999,-570.5324376103705,390.8032697663546,4.821493362304978,,7.594744249216343,0.8180959494248812,-247.80215,-29.06
852,,Bridgette,Reiter,1998-03-15,Right,60300.0,-543.0978041209423,4.340855438466307,5.430978041209425,5.689,512.5428248291668,640.2081981752452,4.919188142023589,1050.6653214779428,7.587495383169818,0.2137226200226272,-230.3755,-10.11
853,,Alice,Joyner,2001-01-30,Right,71132.0,171.3773473386616,4.820462504998042,-1.713773473386616,6.827000000000001,-579.9975646121849,407.4588625793205,4.279921611440237,1060.3996907525118,2.2081546243529555,-0.8194997982484314,-241.66058,-52.34
854,,Daniela,Bone,2001-07-19,Right,16649.0,-654.1054431919986,-5.6023748317652045,6.541054431919986,-3.887,-447.8336669895324,406.6885852059812,5.333045759787342,1067.0388261379337,12.135640509392356,0.492501983592664,-245.69602000000003,-55.83
855,,Noreen,Reinhart,1997-08-12,Right,50942.0,-426.99463780099785,-5.475914249390018,4.269946378009977,-6.9110000000000005,-413.84160440416895,404.0383417300288,4.109301104739052,,10.305070974315576,-1.2693265677097345,-252.39653,-58.66
856,,Adelaide,Hardy,1998-04-01,Left,35405.0,-562.6994419720943,-2.033019686600701,5.626994419720943,-6.146,-825.1253590214102,353.1861837923332,4.065904530326526,1076.153227093709,9.981963056284616,-1.0785095755918748,-249.01959,-43.04
857,,Hillary,Alcorn,2000-06-18,Left,22619.0,-714.8515292654915,-4.6889023746637815,7.148515292654915,-2.962,-612.5525376971614,384.7756762878418,8.337923218249923,1043.3263877861827,11.083512304585833,1.1071929927946067,-244.30677000000003,-81.08
858,,Alpha,Pritchett,2000-01-02,Left,51404.0,-365.0931613543617,3.1834161952958184,3.6509316135436176,5.322,575.468295296194,626.4069194277315,4.067841772862693,1043.418927323323,7.460334245126286,-0.2574289613255901,-232.80917,7.65
859,,Filiberto,Albritton,1998-03-03,Left,44976.0,509.5179108751602,-3.9102682994192937,-5.095179108751601,5.509,-575.0009359866109,627.8259067385591,-4.708587610644169,977.6556406717914,5.948125456355152,0.1182331106638137,-250.84832000000003,197.92
860,,Jodi,Fishman,1998-07-31,Right,69057.0,415.38815982234894,-4.13639613667017,-4.1538815982234905,3.33,-809.1776843302241,679.2091877199767,-6.9551634646308775,948.4080088934606,4.7390766813239535,-1.1959745005779665,-254.39627,248.44
861,,Valentine,Dale,1998-09-15,Right,60716.0,-599.1986601107227,5.346689863973476,5.991986601107228,4.32,632.7660890490102,587.7633805606898,3.495215568712055,1035.620331427691,3.3141087606200017,0.3882842334851316,-231.5922,-7.21
862,,Bobby,Penn,2001-04-23,Left,36751.0,536.5904745109269,-2.9479948131915625,-5.365904745109272,7.789,-377.6834410131197,614.3491207205525,-4.9855513419003366,970.2494980369148,3.315446531900311,0.8186873521210064,-248.1867,197.02
863,,Chanel,Beal,1997-12-23,Right,46440.0,717.4439615322798,3.852911774263799,-7.174439615322798,3.906,-651.6049177740438,372.1895482882665,4.104696901430152,1068.1449838606916,6.565079422653924,0.5390711914143032,-248.2446,-3.05
864,,Audra,Costello,1997-02-14,Left,49948.0,541.7127717570434,4.107104483071893,-5.417127717570434,5.9460000000000015,-366.75343192989465,407.07801654789023,4.556566872439257,1042.040638991689,3.939189992539269,0.9904564799105828,-244.36753,-8.31
865,,Keith,Pacheco,2000-10-21,Left,48897.0,405.4004860439995,-7.694641396997062,-4.0540048604399965,2.269,-732.1677335370703,566.2958504294279,-4.884705887275057,927.9796890128546,2.7814554497859376,0.47235421937634,-257.21311000000003,191.6
866,,Susana,Nowell,2001-04-04,Left,23872.0,-635.8663585932499,-4.4682334343272085,,-5.051,-405.54126663829874,407.986740606556,4.22341126567423,1058.3083851854424,10.63343014045446,-0.7046136639290297,-246.88497,-36.31
867,,Edmundo,Hixson,2001-04-14,Right,62196.0,321.503919953246,7.278106751953409,-3.21503919953246,3.3080000000000003,-387.3082957039582,365.70173293707126,4.105306659124998,1044.4369859133642,1.0647030130948187,-0.2133206721257238,-244.09075,-17.4
868,,Belva,Cody,1996-12-24,Right,67149.0,685.0998736881908,-2.941468581847107,-6.850998736881905,5.082,-385.9875377344548,674.980217499662,-5.994380394537586,951.5852137869464,3.955125734959597,-0.5574201382582996,-253.07694,227.96
869,,Virgil,Mackay,1999-09-04,Left,15933.0,626.580642478319,-3.3577260347183824,-6.2658064247831895,8.892999999999997,-475.1111693828797,557.618139325385,-4.805565512095575,950.853334734928,1.3826429510165965,-0.5450945961216338,-248.45249,210.13
870,,Abdul,Stuart,2000-11-05,Right,43042.0,-541.2387336747651,-4.186511095344724,5.412387336747651,-6.939,-498.0065499854837,369.895112698496,4.022506485793737,1061.3766190395168,9.3186573769953,0.7743519227542246,-250.81924,-60.91
871,,Jamison,Salazar,1998-01-28,Right,48146.0,-615.4925989655231,-6.196968025249329,6.154925989655231,-4.516,-377.1174788863382,393.386225045322,6.175862789274532,1040.993677292393,8.909330824332976,2.343237105407296,-248.81811,-98.52
872,,Jess,Lavoie,1998-01-29,Left,48394.0,466.0373605352128,5.3350230793041735,-4.660373605352128,5.1370000000000005,-582.5774227474019,,3.890363161279309,1055.648031099673,4.798792687430339,0.8549204241741214,-244.07563,9.58
873,,Christine,Merrill,2001-07-26,Right,37018.0,-535.9308386870798,-1.496135545576263,5.359308386870798,-4.615,-505.8158964691272,417.633131109613,2.898819797292504,1044.273837731516,7.998128417963015,-1.1480837302751823,-247.104,0.36
874,,Belen,Negrete,1999-08-19,Right,23688.0,725.7895466738057,6.629764686972704,-7.2578954667380575,2.381,-108.9902056621028,383.0781938528959,5.710337732746212,1012.7856187515137,4.756718055848881,-2.4539746785067647,-245.45418,53.58
875,,Nancy,Quiroz,2000-08-09,Left,60583.0,580.1037470963604,2.4540066758346675,-5.801037470963602,7.7029999999999985,-652.0389061311644,407.8889155442712,4.998740585538736,1068.8933354991975,5.727992322681928,-0.5097366482589734,-244.98347,-48.21
876,,Jody,Obrien,2001-02-09,Right,27663.0,796.046585728554,3.3474174909156886,-7.96046585728554,,-346.08588498784104,411.7427542412632,4.664674098719399,1038.6302224201827,7.0344809211348585,0.486110043725175,-246.39943,36.09
877,,Hilario,Keefer,1997-03-23,Left,59061.0,-652.0340060149432,8.389718968012309,6.520340060149432,3.635,114.3030011952252,577.6869311462541,6.167739443799231,1009.8826735465104,4.2906255961189865,-0.4585288955943268,-230.61707,28.39
878,,Eugene,Stearns,1997-08-14,Right,54385.0,-533.5211842550038,4.304112753027703,5.33521184255004,4.874,643.8185668332159,607.1855979174406,,1061.2939072122451,7.54084694544469,0.177535174984572,-230.62513,-31.01
879,,Normand,Kroll,2000-05-26,Left,30074.0,569.4363120072652,-5.15378300128897,-5.694363120072652,6.479,-350.9562546077446,573.9103633247212,-4.013580735660293,948.7593737197597,2.744014984923832,0.1030359432027114,-250.98901,183.22
880,,Brian,Tatum,1998-10-16,Right,47805.0,423.0889393976685,,-4.2308893939766845,6.09,-583.9747162893301,654.6376710051812,-6.102271054134919,974.1573603822771,4.8732372462975615,1.3933406109748778,-249.47959,222.88
881,,Idella,Whitfield,2000-09-18,Left,31850.0,-759.9392980254503,-2.7981854981592,7.599392980254501,-4.848,-814.7916272631345,312.8282722622843,6.651890641334601,1064.587954647573,8.476888669598615,2.5125302145217163,-246.48158,-96.39
882,,Luz,Wallace,1998-04-09,Left,44875.0,641.4519459519528,2.7633931070279534,-6.414519459519527,6.335,-337.9856568723268,454.2023074501652,1.883459606067333,1039.4716228863851,4.6045808303092,0.1621756368600923,-245.68055,41.82
883,,Brain,Milburn,2000-06-30,Right,56679.0,-503.6359523420671,-7.2094423885737475,5.03635952342067,-7.459,-457.01130641952415,368.0693158216544,3.4312397136054327,1080.952141041195,10.18391853973922,-0.4745656277240114,-253.95518,-105.66
884,,Eusebio,Myrick,1999-10-10,Left,23655.0,570.0928676491933,-4.110763252791124,-5.700928676491934,5.437,-631.2042488853467,624.3088920779118,-6.103085466703043,948.1011663386356,4.890929615795507,0.9911047355384917,-251.51097,263.5
885,,Robin,Hoy,1997-01-31,Right,75321.0,731.2386544645018,-4.549644960167712,-7.312386544645021,2.776,-851.4173690114136,627.3917674695592,-6.908759232825532,910.3927567766658,1.4632586590118644,0.7649065808321208,-259.51864,256.57
886,,Max,Grier,1998-10-30,Right,52164.0,-530.1919597909218,-4.110217299121649,5.301919597909219,-6.355,-591.97589217806,361.9309991147921,3.3949897139820986,1067.7545771629048,8.313889761898341,-1.5809948416210269,-251.37092,-72.36
887,,Sonja,Whipple,1998-08-20,Right,50686.0,-470.7085444529346,-2.405050900291036,4.707085444529347,-5.345,-728.3066207660795,394.6856878382084,3.3669041013729046,1060.694254187682,8.978173223865463,-0.6277375767233945,-249.94647,-33.37
888,,Pierre,Handy,1999-05-10,Right,46303.0,-415.85420204229393,-4.1663862987699245,4.15854202042294,-5.82,-538.4346545985698,410.9577706970808,4.965611838785561,1047.479375188918,10.618346240854995,0.2161856348897034,-250.58672,-42.85
889,,Bruno,Rawlings,1996-12-23,Right,40320.0,-559.3899488889372,-6.461353326868871,5.593899488889372,-5.444,-521.7514265862163,377.429164486618,7.188152378679181,1052.9342203058302,11.390531522851436,-0.6697441641071296,-249.73342,-101.09
890,,Neil,Wisniewski,2000-07-27,Left,51390.0,-524.8854847904123,-3.3885685652231348,5.248854847904124,-5.738,-353.58992617374366,421.5993310820313,3.5075177087744627,1031.7305755375312,7.552067268090077,-0.3229129111823873,-249.62402000000003,-29.13
891,,Marc,Vogt,1997-12-27,Right,37362.0,649.2425761270991,-6.228920465391933,-6.492425761270993,4.768,-548.5594750698776,554.330115083922,-4.496668894266974,,1.3797625547355628,0.2479393870618525,-255.47225,202.92
892,,Margret,Stiles,2000-10-06,Right,37399.0,405.63185011844286,4.537999259044442,-4.05631850118443,3.099,-441.7172874644052,393.7657031449038,4.560743287002532,1045.4806571649813,5.5689592556382,-0.1068892092483084,-244.78915,14.06
893,,Shirley,Jennings,1997-08-10,Right,57189.0,-472.845686993026,-2.458483989658797,4.72845686993026,-4.289,-473.0548114000517,420.26103216448297,1.028204349046958,1053.930634806041,6.223583506416228,0.5199912160772076,-249.47592000000003,-20.57
894,,Rubye,Sauer,2001-01-24,Right,68037.0,230.8769673873851,-4.161108579445044,-2.308769673873851,5.283,-494.7317573598639,651.3970939424863,-5.292982197420233,982.0758228922286,4.260836325180127,-0.1709434126639848,-249.77884,163.37
895,,Gail,Vidal,1998-12-16,Left,26703.0,-441.3549084939648,-4.67015943104803,4.413549084939649,-6.474,-376.5187212758655,438.6507438542418,3.3022541819034927,1060.9247492746963,12.61522070794365,-0.1106768066485456,-249.66297000000003,-4.99
896,,Bart,Cranford,2000-03-10,Left,57277.0,-304.54625694556074,6.173369965368522,3.0454625694556072,6.13,685.3520141950919,580.0097997326927,3.859851683344992,1049.811756579219,4.006586622183916,-0.6187473493852869,-231.53009,-11.8
897,,Evan,Albrecht,2001-01-01,Right,48560.0,-376.7753546276326,-1.942163495415881,3.767753546276325,-5.949,-504.1313706306073,432.1588066206248,2.60643862816044,1042.2836368926346,8.870900732912812,-0.0802708874017922,-250.312,6.62
898,,Jenny,Pulliam,1998-06-03,Right,61461.0,426.6222358756738,7.544357371536696,-4.266222358756738,3.543,-522.81804666697,390.1759706925024,6.643084813182153,1046.2952322976817,4.64282445405494,-0.6039212757346452,-243.62877000000003,-18.55
899,,Tomasa,Greco,1999-10-05,Left,65744.0,350.9012787470629,8.952719478396599,-3.5090127874706285,1.869,-336.749794651295,316.0940578886565,3.995232953398453,1042.2509737524472,-1.2175603010857894,0.0947673476254943,-245.27779,-26.79
900,,Felecia,Montano,1997-02-02,Left,51439.0,274.18230967143074,-2.970012026908665,,6.9110000000000005,-547.3234204920152,624.6178860862478,-7.251724415936191,966.8558694758208,1.0459019033114645,-0.6963472669521202,-248.65853,207.25
901,,Theodora,Wilbanks,1999-03-03,Right,64160.0,-551.8067857630531,2.9469398679966345,5.51806785763053,4.5760000000000005,608.5569765006054,612.9495107184339,5.018330186820526,1046.2290011368011,6.616082852066063,-1.1035368697111123,-232.43708,-35.68
902,,Santiago,Burleson,1998-06-24,Left,34964.0,521.9798254181278,4.223837577512112,-5.219798254181279,5.08,-351.2633406076604,425.969413386276,8.518453218973361,1031.1581879383389,8.202768482939053,-0.3160950035791623,-242.45362000000003,-7.27
903,,Claudio,Ackerman,1997-12-04,Left,87485.0,160.41647659977562,5.399528155831042,-1.6041647659977565,4.541,-656.2565588444749,397.0455119024009,6.758871662068592,1067.29945517026,4.11324849808359,-0.5119915066568471,-243.25293,-90.5
904,,Janette,Coleman,2000-03-11,Right,42227.0,-483.18394632327767,-3.931733519773161,4.831839463232777,-3.912,-674.349857968336,397.7111675275944,,1055.6689650493977,10.379274889578706,-1.0308276439595347,-248.3285,-59.13
905,,Donny,Lynn,1998-10-31,Right,75462.0,-435.76748155709817,-6.9909286650568925,4.357674815570982,-6.371,-583.2976275243492,366.87005209859,4.655958881643307,1066.9519596392824,8.895538017251601,-0.2680976137913073,-254.7269,-128.72
906,,Rafaela,Wilkins,1997-11-04,Right,38711.0,627.6726416763871,9.21418938494727,-6.276726416763871,1.984,-454.60519958705527,336.91673473968103,7.623425660865378,1037.4268926761697,4.914658994141844,-0.4287250106984071,-244.59027000000003,7.32
907,,Brooks,Ramsay,2000-03-13,Left,60650.0,-473.208117132488,-8.499475425259629,4.7320811713248805,-4.166,-231.0971268882753,422.3571530502464,7.811875863034698,1023.1661232422972,9.852735119108504,0.588092195231575,-250.81829,-123.42
908,,Tracy,Feliciano,1998-12-24,Left,39936.0,667.9497248513941,-2.8981006795965865,-6.6794972485139406,6.672999999999999,-622.9677723459408,614.8204063705715,-5.63551055124254,954.0006009353268,3.438959884067518,-0.6084914590130027,-251.38113,234.39
909,,Manual,Burris,1999-06-17,Right,61452.0,600.1188012312682,1.8583727202292324,-6.0011880123126815,5.209,-443.0688916277251,331.7419593406437,3.89523351255247,1066.9772183539533,2.455849139344607,-0.5495510265908121,-248.49429,-75.63
910,,Randi,Hendrick,1999-08-26,Left,56563.0,-326.83000836702183,5.768800681454513,3.2683000836702183,7.316,329.6257807116864,,4.388883256978287,1042.5635341660927,5.392529890980124,0.7044204569372524,-231.11854,7.76
911,,Beatrice,Trombley,1997-07-03,Right,32041.0,437.4627197699243,7.834177197140138,-4.374627197699243,3.582,-299.04032054672786,402.4017527723177,4.888372865264615,1022.8322770966448,3.69135124935063,0.0202072582160358,-242.16604,51.47
912,,Kaye,Paulk,2000-10-27,Left,32689.0,616.6990988360988,-6.272873464122647,-6.166990988360987,5.434,-383.5999244676737,553.3779852414534,-2.2097977766791272,956.3567246154124,4.557514908922194,0.4362679747020725,-252.62739,148.2
913,,Janet,Creighton,1999-07-10,Right,64762.0,-739.7313286883832,2.6465615033311183,7.397313286883831,3.327,1006.1039207463552,576.1130255755422,4.334636085629388,1056.6760162129997,4.057920533461081,1.0324012636657145,-231.69681,-79.25
914,,Marylou,Laporte,1998-11-27,Left,21837.0,-490.7993912439808,3.1338908172763498,4.907993912439808,4.605,593.8648907606763,604.0343781474224,6.993173785726287,,12.575439189342886,1.08694635158811,-229.33164,-18.81
915,,Louis,Falk,1998-01-01,Right,38704.0,580.0378575668954,7.641341729425423,-5.800378575668954,4.899,-642.6727453780919,461.6397818898182,3.576755138153481,1042.8753902021174,6.919305431851988,0.6024283280256274,-242.9197,86.72
916,,Quinn,Pride,1999-10-03,Right,98030.0,304.1198227782408,,-3.041198227782408,6.8260000000000005,-846.2661329181856,402.890924346066,2.37260682567608,1088.9274039494114,1.9427690105300373,0.8700927024220473,-245.33235,-73.97
917,,Malcolm,Lane,1997-04-03,Left,17853.0,-544.7476475353192,6.794539703954007,5.447476475353191,3.58,285.74345235976864,533.2967276040088,4.775030593899711,1043.1935785244586,6.47495751043992,0.692735915501769,-230.32738,40.09
918,,Rayford,Denny,1997-04-17,Left,34208.0,654.4598112341032,-4.713041538257582,-6.544598112341032,6.255,-369.89961436209154,568.3881805298953,,938.5094403530088,1.4522772553680006,-0.16533273085597,-252.38059,197.75
919,,Theo,Reese,2001-04-04,Right,31537.0,702.0704601123883,6.393154477870362,-7.0207046011238825,3.079,-391.1658417064968,366.7876323005504,4.149533333590002,1039.0404988914058,,-0.5962777816868277,-246.30175,40.87
920,,Tricia,Pfeiffer,1997-12-29,Right,37553.0,557.9067335017634,-4.579353197141846,-5.5790673350176325,5.405,-618.6845345819683,589.8214087938338,-5.466886541371398,946.837014674654,2.953695117704206,-0.9743669382032544,-252.76012000000003,218.34
921,,Jaime,Day,1998-01-26,Right,47897.0,349.71833829581163,-7.086761694739837,-3.497183382958116,4.476,-235.07825571426105,544.6955274014529,-3.4096154385184883,955.7950679449652,1.6556582629388037,-1.3473750345378577,-252.71981,115.02
922,,Waylon,Manson,1999-01-27,Right,47193.0,-480.5297832218168,-3.1550701584123413,4.8052978322181685,-5.659,-534.4933512217668,406.4450756021054,2.7015496597758104,1058.023824370023,8.810656042840748,1.05277118076594,-250.02352,-28.24
923,,Clifford,Negron,2000-11-14,Right,62725.0,-666.6669290290581,8.434869783040032,6.6666692902905815,4.899,383.1069376635321,596.1986773425876,5.132872465196397,1034.397132509557,4.036582207019148,-0.7172142983176122,-228.72762000000003,6.06
924,,Tami,Graham,1998-03-11,Right,47776.0,594.513802804432,5.23686039143246,-5.9451380280443225,5.381,-362.7596126688168,358.72468060179017,4.160200207955919,1044.4683041823143,2.071916315087545,0.9003400645279129,-245.19524,-14.03
925,,Jerri,Everhart,2000-06-06,Right,60828.0,-683.6687292451047,7.660798334431348,6.836687292451048,3.57,550.2600721127109,602.9836521076169,3.5662485270129367,1035.7401020938105,3.7507263867073286,-0.4986358468019679,-230.02,18.53
926,,Luke,Mcgregor,2001-04-04,Left,75093.0,309.2149029391736,-5.056887812677184,-3.092149029391736,4.009,-369.6565055979922,641.8989144721529,-4.504934899929237,977.6364059202572,4.477719165708714,-0.5700749221953887,-251.99977,141.89
927,,Abdul,Tam,1997-11-13,Right,34309.0,-450.65882749038,1.825783780396525,4.506588274903798,5.482,508.7914275566434,609.8733001388464,6.3558847925609605,,11.281728009537993,-0.8283884192356517,-230.98674,-27.47
928,,Reynaldo,Mcgill,2000-07-12,Left,47161.0,389.2760604012993,7.403256738849994,-3.892760604012993,3.457,-444.4848276734166,385.9057398884961,0.4561260708834123,1044.8747966557628,0.6307377307216893,0.6529033067851191,-244.73831,54.62
929,,Marlin,Swartz,1998-07-26,Right,57978.0,415.95650481414185,-2.2023047002567853,-4.159565048141418,8.32,-289.31043420970656,634.8984287935086,-6.038444469129755,967.3212989381108,0.6915292202048717,0.9963382305386128,-247.43629,182.91
930,,Felix,Cothran,1998-07-10,Right,49359.0,-492.97828740218216,-5.897917003879633,4.9297828740218215,-7.075,-506.6795644066207,372.0310037976196,3.2545569117662883,1080.4841993263983,10.319301804753984,-1.2066303330280737,-252.66082000000003,-81.86
931,,Carmel,Shackelford,1998-01-09,Right,50601.0,-453.7136880391944,2.1493781091970687,4.537136880391944,-6.735,-575.970187010972,408.6942548834237,-0.956203717475252,1046.2063404023893,4.727757558860222,-1.3182093027344397,-249.57772000000003,56.09
932,,Lucretia,Carter,2000-11-03,Right,43708.0,369.3908808246669,4.235676229640281,-3.693908808246669,7.1720000000000015,-962.452145841278,,9.047393107854283,1077.9081461538544,11.075473031718795,0.4309079383008458,-240.52,-42.21
933,,Morton,Kaminski,1998-09-30,Left,79962.0,619.0467596596352,-2.951657168315482,-6.190467596596353,4.689,-458.7617586758108,667.4968666847652,-7.099605630397699,940.018585314306,1.5058080499348088,-1.380041480213284,-254.43349,228.09
934,,Roland,Mcginnis,1998-01-07,Right,37119.0,-636.1783063729662,4.151614482558951,6.3617830637296615,3.866,165.42851717344053,597.7710707611983,,1039.2828832464438,7.911229283403099,-0.4781247757790826,-231.69268,35.87
935,,Brianne,Irons,1999-03-23,Right,27666.0,-777.5890782816526,-8.250943359089849,7.775890782816527,-1.6,-693.1827483094245,330.99167222789987,10.312820690117103,1071.34245092361,11.852314699600347,1.354599430012424,-244.96848,-181.47
936,,Bobbie,Najera,1998-10-21,Right,62879.0,512.7454759105481,6.06046746604904,-5.127454759105482,2.714,-639.9973631129568,350.7343714457147,1.0750590996493496,1069.6707081504169,1.8130859785672813,-0.3761898225884275,-248.36366,3.54
937,,Zenaida,Mclaurin,1999-11-07,Left,35205.0,641.5529712655081,3.410870019182461,-6.415529712655081,7.016,-539.3440197195158,419.7907246277919,2.791255926744989,1053.1413662671705,5.354643729739603,-1.4226623405422438,-244.61918,31.28
938,,Ivy,Arriola,2001-03-02,Left,,-281.73743519184035,5.074208455651903,2.817374351918404,5.853,120.38873963759372,576.1867417715915,4.149077070106567,1044.1501992603812,8.157588222873702,0.6544415359057487,-232.12481,56.24
939,,Gary,Daigle,1999-04-03,Left,20951.0,-625.0896209948447,4.833470408560403,6.250896209948447,3.233,,567.4668411890123,6.943503231619568,1045.4515891022104,10.478354724948057,0.6197155179891979,-230.54368,25.26
940,,Ashleigh,Allen,1998-10-28,Left,91614.0,230.74904783788315,-7.849294245004313,-2.307490478378832,1.27,-720.7482603958988,592.8291090268143,-5.263090198364386,931.0905516679488,0.9271123812283896,-0.515120999374868,-258.72942,143.23
941,,Keith,Mount,1997-03-17,Right,60483.0,-496.0187524234644,-3.2312528223179515,4.9601875242346445,-5.211,-498.0924964547689,390.678973029703,2.4908771394866163,,6.405456309680776,-0.5803197625660478,-250.64589,-53.4
942,,Trina,Burch,2000-11-20,Right,53725.0,509.37646193081673,-1.4182886551554734,-5.093764619308168,8.136000000000001,-483.8611205059487,657.25063350279,-5.577820807462944,987.6489422530452,4.2769254407752415,1.5477497712845496,-247.2691,201.45
943,,Pam,Acevedo,1997-11-03,Left,35993.0,-513.7807453160034,5.752339664796377,,4.962,513.8453832989904,535.4252346278513,4.754113666370314,1079.7765865833433,6.531076265587786,,-229.96892000000005,-31.66
944,,Kristy,Obrien,1999-06-15,Right,58633.0,,4.3918844190973845,-4.830103552588816,5.759,-665.777887886131,445.1987328504506,1.8166891197192705,1061.5976424260632,4.9390903851256285,-2.4800965505692063,-245.14737,27.33
945,,Maurine,Culp,1998-06-12,Right,,614.938330685799,-2.4313088382114434,-6.14938330685799,6.912000000000001,-745.4413021391151,610.5991330435148,-6.300977264619989,963.9012994108284,3.4776188821596543,0.9287057449729328,-250.75983,240.92
946,,Tameka,Kang,1999-07-03,Right,46133.0,665.3382893754225,5.6596975957124105,-6.653382893754225,5.046,-557.6472442087255,389.2803603770486,5.743512319936426,1051.7334157625446,5.9369564541165385,0.6781512166878525,-245.04442000000003,-0.03
947,,Juliana,Beckman,1997-08-02,Left,33295.0,437.03616072024863,7.071754831549008,-4.370361607202487,3.1010000000000004,-271.29889134996176,387.51819699310136,7.12714354578225,1024.3399081861155,5.037476165436204,-0.3316096721227557,-242.40491,15.28
948,,Millicent,Boles,2000-06-18,Right,59712.0,436.8221539977462,-5.012568387066126,-4.368221539977462,3.824,-761.1718287098176,622.4116377308737,-5.275982720474512,957.8058065568928,4.6300036273153165,-0.1322775942254604,-254.12972,201.08
949,,Valentin,Munn,2001-10-04,Right,65271.0,446.190246734458,5.2241765545410015,-4.46190246734458,4.308,-521.8393552844825,400.9782936555998,3.229644972804551,1054.3111021529276,3.176928337594686,2.1775548832545457,-245.74133,-8.52
950,,Martha,Bernal,2000-12-18,Right,57511.0,476.91401018509214,3.1974873329417752,-4.769140101850921,5.294,-476.21833129559417,415.60017763191024,7.090609810631357,1051.7330545684154,6.889931997780481,-1.463442249315331,-244.4071,-46.37
951,,Al,Foust,1997-05-26,Left,22679.0,591.8458916003242,-3.2428365188932173,-5.918458916003242,7.007999999999999,-642.0644998672543,579.3308411547563,-6.706934855053802,943.0295814120512,1.370748671667247,0.7154372006195321,-250.8401,252.17
952,,Joseph,Schreiber,2001-06-02,Left,16913.0,-763.3174396998375,-5.8016100324544855,7.633174396998374,-2.355,-749.9118160797559,345.55387007774414,10.798491095352915,1053.1751978994594,12.389694942558808,-0.4179515753205594,-243.63957,-128.88
953,,Marty,Langley,1997-05-20,Right,64471.0,261.84438377337773,8.228810444433954,-2.6184438377337766,2.657,-561.1252396980427,417.6560340988207,4.070712427049076,1044.8375472021105,3.5211226591806617,1.230283708171261,-243.3396,20.22
954,,Zoe,Morrill,2001-01-23,Left,29371.0,578.6001156516568,4.084192445306688,-5.786001156516567,4.065,-444.3218868574778,472.8254287287471,5.725154456420247,1035.9000332757782,9.892493987205118,-0.2967623214291309,-243.94583,58.63
955,,Elise,Babb,1997-01-08,Left,34412.0,-545.3867146139534,-1.3342982868899598,5.453867146139533,-4.232,-467.9667739801576,429.70803007203295,2.4349502057553285,1043.8114457318827,7.930268233423479,0.382555500154601,-246.39265,11.53
956,,Sallie,Pierre,1997-11-13,Right,68517.0,721.4147456899577,-2.981744436905806,-7.214147456899577,4.799,-820.461915829079,621.2369246072923,-8.346356421627378,910.3387076847978,-0.9809751741424524,1.6767137057399482,-257.03594,275.72
957,,Winona,Robison,2000-08-11,Right,50198.0,439.5558389909662,3.6601200999507215,-4.395558389909661,3.103,-654.8099754181113,370.3452935990898,5.15203126729275,1068.881393802136,6.56963055982242,-1.8060625853310568,-246.55361,-29.89
958,,Suzan,Graves,1999-08-09,Left,65890.0,303.35214532021524,3.5185228443601897,-3.0335214532021526,6.952999999999999,-625.1498235417652,467.6622165400312,2.6970434035746926,1059.6059684093464,4.783540995886532,-0.0814118184565224,-242.98969,-0.86
959,,Danilo,Braun,1997-06-17,Left,35896.0,676.2704081660631,7.429433139463493,-6.762704081660631,5.035,-167.27549194974526,439.96470707580215,5.45631506646329,1009.5622687312496,4.3730449275572525,-0.9525292523752334,-242.66409,62.41
